Workbook

Sheet Başvuru Formu
A1: TEDARİKÇİ ENTEGRASYONU PLANI FORMU
A2: Bu form, başvuru sahibi tarafından doldurulur. SEGE kademesi il + ilçe eşleşmesiyle otomatik bulunur; SEGE 4–6 tedarik payı ve Tarımsal Ürün Girdi Özeti hedef yıllık tedarik değeri (TL) esas alınarak değer bazlı hesaplanır. Toplam puan 1.2 SEGE 4–6 ilçelerinden tedarik payı ve 2.1 ilave kayıtlı çiftçi / birincil üretici entegrasyonu üzerinden hesaplanır.
A4: A. BAŞVURU VE YATIRIM BİLGİLERİ
A5: Başvuru No | E5: Başvuru Sahibi / Unvan | K5: Proje Adı
A6: Tesis İl / İlçe | E6: Talep Edilen RFF Tutarı (Avro eşdeğeri) | F6: 8000000 | K6: Form Tarihi
A8: B. SIRALAMA PUANI GÖSTERGELERİ — OTOMATİK ÖZET (1.2 SEGE + 2.1 Çiftçi Entegrasyonu)
A9: Mevcut kayıtlı çiftçi | B9: =IF(COUNT(K15:K29)=0,"",SUM(K15:K29)) -> 100 | C9: Eklenecek kayıtlı çiftçi | D9: =IF(COUNT(L15:L29)=0,"",SUM(L15:L29)) -> 265 | E9: İlave çiftçi / 90.000 Avro RFF | F9: =IF(OR(D9="",F6="",F6=0),"",D9/(F6/90000)) -> 2.98125 | G9: Kayıtlı çiftçi puanı | H9: =IF(F9="","",IF(F9<2,0,IF(F9<4,4,IF(F9<6,8,12.5)))) -> 4 | J9: SEGE 4–6 Tedarik Payı (değer bazlı) | L9: =IF(OR(COUNTIF($C$15:$C$29,"<>")=0,COUNTIFS($C$15:$C$29,"<>",$O$15:$O$29,"EŞLEŞMEDİ")>0,COUNTIFS($C$15:$C$29,"<>",$O$15:$O$29,"")>0,COUNTIF($C$15:$C$29,"<>")<>COUNTIFS($C$15:$C$29,"<>",$P$15:$P$29,">0")),"",SUMIFS($P$15:$P$29,$C$15:$C$29,"<>",$O$15:$O$29,">=4",$O$15:$O$29,"<=6")/SUMIF($C$15:$C$29,"<>",$P$15:$P$29)) -> 0.42142857 | M9: SEGE Tedarik Puanı | O9: =IF(L9="","",IF(L9=0,0,IF(L9<=20%,1,IF(L9<=50%,4,7.5)))) -> 4
J10: Tedarik puanı toplamı (1.2 + 2.1) | L10: =IF(OR(H9="",O9=""),"",H9+O9) -> 8 | M10: Asgari katkı durumu | O10: =IF(F9="","",IF(F9>=2,"SAĞLANIYOR","SAĞLANMIYOR")) -> SAĞLANIYOR
A11: C. ÜRÜN – TARIMSAL GİRDİ – TEDARİK YERİ PLANI
A12: C sütununa puanlamaya dahil edilecek tarımsal ürünler yazılmalıdır. Her satırda tedarik ili ve ilçesi birlikte, hedef yıllık miktar ile hedef birim fiyat eksiksiz girilmelidir.
A13: Sıra | B13: Üretilecek Ürün | C13: Çiftçilerden Alınan Tarımsal Ürün | D13: Tedarik İli | E13: Tedarik İlçesi | F13: Birim | G13: Mevcut | I13: Hedef | K13: Mevcut Kayıtlı Çiftçi | L13: Eklenecek Kayıtlı Çiftçi | M13: Tedarik Şekli | N13: Dayanak Belge / Kısa Açıklama | O13: SEGE Kademesi | P13: Hedef Yıllık Tedarik Değeri (TL)
G14: Yıllık Miktar | H14: Birim Fiyat (TL) | I14: Yıllık Miktar | J14: Birim Fiyat (TL)
A15: 1 | B15: Vişneli Çikolata | C15: Süt | D15: Balıkesir | E15: Manyas | F15: ton | G15: 1000 | H15: 5000 | I15: 2000 | J15: 7500 | K15: 10 | L15: 20 | M15: Sözleşmeli tedarik | O15: =IF(OR(D15="",E15=""),"",IFERROR(VLOOKUP(TRIM(D15)&"|"&TRIM(E15),'Doldurma Rehberi'!$J$2:$M$974,4,FALSE),"EŞLEŞMEDİ")) -> 4 | P15: =IF(OR($C15="",$I15="",$J15="",$I15<=0,$J15<=0),"",$I15*$J15) -> 15000000
A16: 2 | B16: Vişneli Çikolata | C16: Süt | D16: Balıkesir | E16: Bandırma | F16: ton | G16: 0 | H16: 2000 | I16: 1500 | J16: 6000 | K16: 0 | L16: 0 | M16: Sözleşmeli tedarik | O16: =IF(OR(D16="",E16=""),"",IFERROR(VLOOKUP(TRIM(D16)&"|"&TRIM(E16),'Doldurma Rehberi'!$J$2:$M$974,4,FALSE),"EŞLEŞMEDİ")) -> 2 | P16: =IF(OR($C16="",$I16="",$J16="",$I16<=0,$J16<=0),"",$I16*$J16) -> 9000000
A17: 3 | B17: Vişneli Çikolata | C17: Vişne | D17: Balıkesir | E17: Kepsut | F17: ton | G17: 200 | H17: 1010 | I17: 3000 | J17: 6000 | K17: 20 | L17: 30 | M17: Sözleşmeli tedarik | O17: =IF(OR(D17="",E17=""),"",IFERROR(VLOOKUP(TRIM(D17)&"|"&TRIM(E17),'Doldurma Rehberi'!$J$2:$M$974,4,FALSE),"EŞLEŞMEDİ")) -> 5 | P17: =IF(OR($C17="",$I17="",$J17="",$I17<=0,$J17<=0),"",$I17*$J17) -> 18000000
A18: 4 | B18: Vişneli Çikolata | C18: Vişne | D18: İzmir | E18: Ödemiş | F18: ton | G18: 0 | H18: 1010 | I18: 4000 | J18: 6000 | K18: 0 | L18: 40 | M18: Sözleşmeli tedarik | O18: =IF(OR(D18="",E18=""),"",IFERROR(VLOOKUP(TRIM(D18)&"|"&TRIM(E18),'Doldurma Rehberi'!$J$2:$M$974,4,FALSE),"EŞLEŞMEDİ")) -> 3 | P18: =IF(OR($C18="",$I18="",$J18="",$I18<=0,$J18<=0),"",$I18*$J18) -> 24000000
A19: 5 | B19: Kayısılı Çikolata | C19: Süt | D19: Balıkesir | E19: Manyas | F19: ton | G19: 3000 | H19: 1010 | I19: 6000 | J19: 6000 | K19: 30 | L19: 60 | M19: Sözleşmeli tedarik | O19: =IF(OR(D19="",E19=""),"",IFERROR(VLOOKUP(TRIM(D19)&"|"&TRIM(E19),'Doldurma Rehberi'!$J$2:$M$974,4,FALSE),"EŞLEŞMEDİ")) -> 4 | P19: =IF(OR($C19="",$I19="",$J19="",$I19<=0,$J19<=0),"",$I19*$J19) -> 36000000
A20: 6 | B20: Kayısılı Çikolata | C20: Süt | D20: Balıkesir | E20: Bandırma | F20: ton | G20: 5000 | H20: 1010 | I20: 10000 | J20: 6000 | K20: 0 | L20: 15 | M20: Sözleşmeli tedarik | O20: =IF(OR(D20="",E20=""),"",IFERROR(VLOOKUP(TRIM(D20)&"|"&TRIM(E20),'Doldurma Rehberi'!$J$2:$M$974,4,FALSE),"EŞLEŞMEDİ")) -> 2 | P20: =IF(OR($C20="",$I20="",$J20="",$I20<=0,$J20<=0),"",$I20*$J20) -> 60000000
A21: 7 | B21: Kayısılı Çikolata | C21: Kayısı | D21: Balıkesir | E21: Kepsut | F21: ton | G21: 200 | H21: 1010 | I21: 300 | J21: 6000 | K21: 20 | L21: 30 | M21: Niyet / protokol | O21: =IF(OR(D21="",E21=""),"",IFERROR(VLOOKUP(TRIM(D21)&"|"&TRIM(E21),'Doldurma Rehberi'!$J$2:$M$974,4,FALSE),"EŞLEŞMEDİ")) -> 5 | P21: =IF(OR($C21="",$I21="",$J21="",$I21<=0,$J21<=0),"",$I21*$J21) -> 1800000
A22: 8 | B22: Kayısılı Çikolata | C22: Kayısı | D22: İzmir | E22: Ödemiş | F22: ton | G22: 0 | H22: 1010 | I22: 400 | J22: 6000 | K22: 0 | L22: 40 | M22: Niyet / protokol | O22: =IF(OR(D22="",E22=""),"",IFERROR(VLOOKUP(TRIM(D22)&"|"&TRIM(E22),'Doldurma Rehberi'!$J$2:$M$974,4,FALSE),"EŞLEŞMEDİ")) -> 3 | P22: =IF(OR($C22="",$I22="",$J22="",$I22<=0,$J22<=0),"",$I22*$J22) -> 2400000
A23: 9 | B23: Fındıklı Çikolata | C23: Fındık | D23: Giresun | E23: Merkez | F23: ton | G23: 150 | H23: 1010 | I23: 300 | J23: 6000 | K23: 20 | L23: 30 | M23: Sözleşmeli tedarik | O23: =IF(OR(D23="",E23=""),"",IFERROR(VLOOKUP(TRIM(D23)&"|"&TRIM(E23),'Doldurma Rehberi'!$J$2:$M$974,4,FALSE),"EŞLEŞMEDİ")) -> 2 | P23: =IF(OR($C23="",$I23="",$J23="",$I23<=0,$J23<=0),"",$I23*$J23) -> 1800000
A24: 10 | F24: ton | M24: Sözleşmeli tedarik | O24: =IF(OR(D24="",E24=""),"",IFERROR(VLOOKUP(TRIM(D24)&"|"&TRIM(E24),'Doldurma Rehberi'!$J$2:$M$974,4,FALSE),"EŞLEŞMEDİ")) | P24: =IF(OR($C24="",$I24="",$J24="",$I24<=0,$J24<=0),"",$I24*$J24)
A25: 11 | F25: ton | M25: Sözleşmeli tedarik | O25: =IF(OR(D25="",E25=""),"",IFERROR(VLOOKUP(TRIM(D25)&"|"&TRIM(E25),'Doldurma Rehberi'!$J$2:$M$974,4,FALSE),"EŞLEŞMEDİ")) | P25: =IF(OR($C25="",$I25="",$J25="",$I25<=0,$J25<=0),"",$I25*$J25)
A26: 12 | F26: ton | M26: Sözleşmeli tedarik | O26: =IF(OR(D26="",E26=""),"",IFERROR(VLOOKUP(TRIM(D26)&"|"&TRIM(E26),'Doldurma Rehberi'!$J$2:$M$974,4,FALSE),"EŞLEŞMEDİ")) | P26: =IF(OR($C26="",$I26="",$J26="",$I26<=0,$J26<=0),"",$I26*$J26)
A27: 13 | F27: ton | M27: Sözleşmeli tedarik | O27: =IF(OR(D27="",E27=""),"",IFERROR(VLOOKUP(TRIM(D27)&"|"&TRIM(E27),'Doldurma Rehberi'!$J$2:$M$974,4,FALSE),"EŞLEŞMEDİ")) | P27: =IF(OR($C27="",$I27="",$J27="",$I27<=0,$J27<=0),"",$I27*$J27)
A28: 14 | F28: ton | M28: Sözleşmeli tedarik | O28: =IF(OR(D28="",E28=""),"",IFERROR(VLOOKUP(TRIM(D28)&"|"&TRIM(E28),'Doldurma Rehberi'!$J$2:$M$974,4,FALSE),"EŞLEŞMEDİ")) | P28: =IF(OR($C28="",$I28="",$J28="",$I28<=0,$J28<=0),"",$I28*$J28)
A29: 15 | F29: ton | M29: Sözleşmeli tedarik | O29: =IF(OR(D29="",E29=""),"",IFERROR(VLOOKUP(TRIM(D29)&"|"&TRIM(E29),'Doldurma Rehberi'!$J$2:$M$974,4,FALSE),"EŞLEŞMEDİ")) | P29: =IF(OR($C29="",$I29="",$J29="",$I29<=0,$J29<=0),"",$I29*$J29)
A32: D. ENTEGRASYON PLANININ KISA AÇIKLAMASI
A36: Yeni tedarikçilerin nasıl bulunacağını ve doğrulanacağını, tedarikin ne zaman başlayacağını ve hangi sözleşme/niyet belgesiyle destekleneceğini en fazla 5 cümlede açıklayınız.
A38: E. BAŞVURU SAHİBİ BEYANI
A39: Bu formdaki bilgilerin doğru ve yatırım planıyla uyumlu olduğunu; talep edilmesi hâlinde miktar, kayıtlı çiftçi ve tedarik yeri bilgilerini destekleyen belgeleri Kuruma sunacağımı beyan ederim.
A40: Yetkili Adı Soyadı | E40: Unvanı | K40: Tarih / İmza

Sheet Tarımsal Ürün Girdi Özeti
A1: TARIMSAL ÜRÜN GİRDİ ÖZETİ — P SÜTUNU (HEDEF YILLIK TEDARİK DEĞERİ) ESASLI
A2: Tarımsal Ürün | B2: Hedef Toplam Tedarik Değeri (TL) | C2: SEGE 4–6 Hedef Tedarik Değeri (TL) | D2: Ürün İçinde SEGE 4–6 Payı | E2: Tüm Tarımsal Ürün Değeri İçindeki Pay | F2: Mevcut Kayıtlı Çiftçi
A3: {=IFERROR(INDEX(_xlfn._xlws.SORT(_xlfn.UNIQUE(_xlfn._xlws.FILTER('Başvuru Formu'!$C$15:$C$29,'Başvuru Formu'!$C$15:$C$29<>""))),ROWS($A$3:A3)),"")} -> Fındık | B3: =IF(A3="","",IF(COUNTIF('Başvuru Formu'!$C$15:$C$29,A3)<>COUNTIFS('Başvuru Formu'!$C$15:$C$29,A3,'Başvuru Formu'!$P$15:$P$29,">0"),"",SUMIF('Başvuru Formu'!$C$15:$C$29,A3,'Başvuru Formu'!$P$15:$P$29))) -> 1800000 | C3: =IF(OR(A3="",B3=""),"",SUMIFS('Başvuru Formu'!$P$15:$P$29,'Başvuru Formu'!$C$15:$C$29,A3,'Başvuru Formu'!$O$15:$O$29,">=4",'Başvuru Formu'!$O$15:$O$29,"<=6")) -> 0 | D3: =IF(OR(A3="",B3="",B3=0),"",C3/B3) -> 0 | E3: =IF(OR(A3="",B3="",$B$19="",$B$19=0),"",B3/$B$19) -> 0.010714286 | F3: =IF(A3="","",SUMIF('Başvuru Formu'!$C$15:$C$29,A3,'Başvuru Formu'!$K$15:$K$29)) -> 20
A4: =IFERROR(INDEX(_xlfn._xlws.SORT(_xlfn.UNIQUE(_xlfn._xlws.FILTER('Başvuru Formu'!$C$15:$C$29,'Başvuru Formu'!$C$15:$C$29<>""))),ROWS($A$3:A4)),"") -> Kayısı | B4: =IF(A4="","",IF(COUNTIF('Başvuru Formu'!$C$15:$C$29,A4)<>COUNTIFS('Başvuru Formu'!$C$15:$C$29,A4,'Başvuru Formu'!$P$15:$P$29,">0"),"",SUMIF('Başvuru Formu'!$C$15:$C$29,A4,'Başvuru Formu'!$P$15:$P$29))) -> 4200000 | C4: =IF(OR(A4="",B4=""),"",SUMIFS('Başvuru Formu'!$P$15:$P$29,'Başvuru Formu'!$C$15:$C$29,A4,'Başvuru Formu'!$O$15:$O$29,">=4",'Başvuru Formu'!$O$15:$O$29,"<=6")) -> 1800000 | D4: =IF(OR(A4="",B4="",B4=0),"",C4/B4) -> 0.42857143 | E4: =IF(OR(A4="",B4="",$B$19="",$B$19=0),"",B4/$B$19) -> 0.025 | F4: =IF(A4="","",SUMIF('Başvuru Formu'!$C$15:$C$29,A4,'Başvuru Formu'!$K$15:$K$29)) -> 20
A5: =IFERROR(INDEX(_xlfn._xlws.SORT(_xlfn.UNIQUE(_xlfn._xlws.FILTER('Başvuru Formu'!$C$15:$C$29,'Başvuru Formu'!$C$15:$C$29<>""))),ROWS($A$3:A5)),"") -> Süt | B5: =IF(A5="","",IF(COUNTIF('Başvuru Formu'!$C$15:$C$29,A5)<>COUNTIFS('Başvuru Formu'!$C$15:$C$29,A5,'Başvuru Formu'!$P$15:$P$29,">0"),"",SUMIF('Başvuru Formu'!$C$15:$C$29,A5,'Başvuru Formu'!$P$15:$P$29))) -> 120000000 | C5: =IF(OR(A5="",B5=""),"",SUMIFS('Başvuru Formu'!$P$15:$P$29,'Başvuru Formu'!$C$15:$C$29,A5,'Başvuru Formu'!$O$15:$O$29,">=4",'Başvuru Formu'!$O$15:$O$29,"<=6")) -> 51000000 | D5: =IF(OR(A5="",B5="",B5=0),"",C5/B5) -> 0.425 | E5: =IF(OR(A5="",B5="",$B$19="",$B$19=0),"",B5/$B$19) -> 0.71428571 | F5: =IF(A5="","",SUMIF('Başvuru Formu'!$C$15:$C$29,A5,'Başvuru Formu'!$K$15:$K$29)) -> 40
A6: =IFERROR(INDEX(_xlfn._xlws.SORT(_xlfn.UNIQUE(_xlfn._xlws.FILTER('Başvuru Formu'!$C$15:$C$29,'Başvuru Formu'!$C$15:$C$29<>""))),ROWS($A$3:A6)),"") -> Vişne | B6: =IF(A6="","",IF(COUNTIF('Başvuru Formu'!$C$15:$C$29,A6)<>COUNTIFS('Başvuru Formu'!$C$15:$C$29,A6,'Başvuru Formu'!$P$15:$P$29,">0"),"",SUMIF('Başvuru Formu'!$C$15:$C$29,A6,'Başvuru Formu'!$P$15:$P$29))) -> 42000000 | C6: =IF(OR(A6="",B6=""),"",SUMIFS('Başvuru Formu'!$P$15:$P$29,'Başvuru Formu'!$C$15:$C$29,A6,'Başvuru Formu'!$O$15:$O$29,">=4",'Başvuru Formu'!$O$15:$O$29,"<=6")) -> 18000000 | D6: =IF(OR(A6="",B6="",B6=0),"",C6/B6) -> 0.42857143 | E6: =IF(OR(A6="",B6="",$B$19="",$B$19=0),"",B6/$B$19) -> 0.25 | F6: =IF(A6="","",SUMIF('Başvuru Formu'!$C$15:$C$29,A6,'Başvuru Formu'!$K$15:$K$29)) -> 20
A7: =IFERROR(INDEX(_xlfn._xlws.SORT(_xlfn.UNIQUE(_xlfn._xlws.FILTER('Başvuru Formu'!$C$15:$C$29,'Başvuru Formu'!$C$15:$C$29<>""))),ROWS($A$3:A7)),"") | B7: =IF(A7="","",IF(COUNTIF('Başvuru Formu'!$C$15:$C$29,A7)<>COUNTIFS('Başvuru Formu'!$C$15:$C$29,A7,'Başvuru Formu'!$P$15:$P$29,">0"),"",SUMIF('Başvuru Formu'!$C$15:$C$29,A7,'Başvuru Formu'!$P$15:$P$29))) | C7: =IF(OR(A7="",B7=""),"",SUMIFS('Başvuru Formu'!$P$15:$P$29,'Başvuru Formu'!$C$15:$C$29,A7,'Başvuru Formu'!$O$15:$O$29,">=4",'Başvuru Formu'!$O$15:$O$29,"<=6")) | D7: =IF(OR(A7="",B7="",B7=0),"",C7/B7) | E7: =IF(OR(A7="",B7="",$B$19="",$B$19=0),"",B7/$B$19) | F7: =IF(A7="","",SUMIF('Başvuru Formu'!$C$15:$C$29,A7,'Başvuru Formu'!$K$15:$K$29))
A8: =IFERROR(INDEX(_xlfn._xlws.SORT(_xlfn.UNIQUE(_xlfn._xlws.FILTER('Başvuru Formu'!$C$15:$C$29,'Başvuru Formu'!$C$15:$C$29<>""))),ROWS($A$3:A8)),"") | B8: =IF(A8="","",IF(COUNTIF('Başvuru Formu'!$C$15:$C$29,A8)<>COUNTIFS('Başvuru Formu'!$C$15:$C$29,A8,'Başvuru Formu'!$P$15:$P$29,">0"),"",SUMIF('Başvuru Formu'!$C$15:$C$29,A8,'Başvuru Formu'!$P$15:$P$29))) | C8: =IF(OR(A8="",B8=""),"",SUMIFS('Başvuru Formu'!$P$15:$P$29,'Başvuru Formu'!$C$15:$C$29,A8,'Başvuru Formu'!$O$15:$O$29,">=4",'Başvuru Formu'!$O$15:$O$29,"<=6")) | D8: =IF(OR(A8="",B8="",B8=0),"",C8/B8) | E8: =IF(OR(A8="",B8="",$B$19="",$B$19=0),"",B8/$B$19) | F8: =IF(A8="","",SUMIF('Başvuru Formu'!$C$15:$C$29,A8,'Başvuru Formu'!$K$15:$K$29))
A9: =IFERROR(INDEX(_xlfn._xlws.SORT(_xlfn.UNIQUE(_xlfn._xlws.FILTER('Başvuru Formu'!$C$15:$C$29,'Başvuru Formu'!$C$15:$C$29<>""))),ROWS($A$3:A9)),"") | B9: =IF(A9="","",IF(COUNTIF('Başvuru Formu'!$C$15:$C$29,A9)<>COUNTIFS('Başvuru Formu'!$C$15:$C$29,A9,'Başvuru Formu'!$P$15:$P$29,">0"),"",SUMIF('Başvuru Formu'!$C$15:$C$29,A9,'Başvuru Formu'!$P$15:$P$29))) | C9: =IF(OR(A9="",B9=""),"",SUMIFS('Başvuru Formu'!$P$15:$P$29,'Başvuru Formu'!$C$15:$C$29,A9,'Başvuru Formu'!$O$15:$O$29,">=4",'Başvuru Formu'!$O$15:$O$29,"<=6")) | D9: =IF(OR(A9="",B9="",B9=0),"",C9/B9) | E9: =IF(OR(A9="",B9="",$B$19="",$B$19=0),"",B9/$B$19) | F9: =IF(A9="","",SUMIF('Başvuru Formu'!$C$15:$C$29,A9,'Başvuru Formu'!$K$15:$K$29))
A10: =IFERROR(INDEX(_xlfn._xlws.SORT(_xlfn.UNIQUE(_xlfn._xlws.FILTER('Başvuru Formu'!$C$15:$C$29,'Başvuru Formu'!$C$15:$C$29<>""))),ROWS($A$3:A10)),"") | B10: =IF(A10="","",IF(COUNTIF('Başvuru Formu'!$C$15:$C$29,A10)<>COUNTIFS('Başvuru Formu'!$C$15:$C$29,A10,'Başvuru Formu'!$P$15:$P$29,">0"),"",SUMIF('Başvuru Formu'!$C$15:$C$29,A10,'Başvuru Formu'!$P$15:$P$29))) | C10: =IF(OR(A10="",B10=""),"",SUMIFS('Başvuru Formu'!$P$15:$P$29,'Başvuru Formu'!$C$15:$C$29,A10,'Başvuru Formu'!$O$15:$O$29,">=4",'Başvuru Formu'!$O$15:$O$29,"<=6")) | D10: =IF(OR(A10="",B10="",B10=0),"",C10/B10) | E10: =IF(OR(A10="",B10="",$B$19="",$B$19=0),"",B10/$B$19) | F10: =IF(A10="","",SUMIF('Başvuru Formu'!$C$15:$C$29,A10,'Başvuru Formu'!$K$15:$K$29))
A11: =IFERROR(INDEX(_xlfn._xlws.SORT(_xlfn.UNIQUE(_xlfn._xlws.FILTER('Başvuru Formu'!$C$15:$C$29,'Başvuru Formu'!$C$15:$C$29<>""))),ROWS($A$3:A11)),"") | B11: =IF(A11="","",IF(COUNTIF('Başvuru Formu'!$C$15:$C$29,A11)<>COUNTIFS('Başvuru Formu'!$C$15:$C$29,A11,'Başvuru Formu'!$P$15:$P$29,">0"),"",SUMIF('Başvuru Formu'!$C$15:$C$29,A11,'Başvuru Formu'!$P$15:$P$29))) | C11: =IF(OR(A11="",B11=""),"",SUMIFS('Başvuru Formu'!$P$15:$P$29,'Başvuru Formu'!$C$15:$C$29,A11,'Başvuru Formu'!$O$15:$O$29,">=4",'Başvuru Formu'!$O$15:$O$29,"<=6")) | D11: =IF(OR(A11="",B11="",B11=0),"",C11/B11) | E11: =IF(OR(A11="",B11="",$B$19="",$B$19=0),"",B11/$B$19) | F11: =IF(A11="","",SUMIF('Başvuru Formu'!$C$15:$C$29,A11,'Başvuru Formu'!$K$15:$K$29))
A12: =IFERROR(INDEX(_xlfn._xlws.SORT(_xlfn.UNIQUE(_xlfn._xlws.FILTER('Başvuru Formu'!$C$15:$C$29,'Başvuru Formu'!$C$15:$C$29<>""))),ROWS($A$3:A12)),"") | B12: =IF(A12="","",IF(COUNTIF('Başvuru Formu'!$C$15:$C$29,A12)<>COUNTIFS('Başvuru Formu'!$C$15:$C$29,A12,'Başvuru Formu'!$P$15:$P$29,">0"),"",SUMIF('Başvuru Formu'!$C$15:$C$29,A12,'Başvuru Formu'!$P$15:$P$29))) | C12: =IF(OR(A12="",B12=""),"",SUMIFS('Başvuru Formu'!$P$15:$P$29,'Başvuru Formu'!$C$15:$C$29,A12,'Başvuru Formu'!$O$15:$O$29,">=4",'Başvuru Formu'!$O$15:$O$29,"<=6")) | D12: =IF(OR(A12="",B12="",B12=0),"",C12/B12) | E12: =IF(OR(A12="",B12="",$B$19="",$B$19=0),"",B12/$B$19) | F12: =IF(A12="","",SUMIF('Başvuru Formu'!$C$15:$C$29,A12,'Başvuru Formu'!$K$15:$K$29))
A13: =IFERROR(INDEX(_xlfn._xlws.SORT(_xlfn.UNIQUE(_xlfn._xlws.FILTER('Başvuru Formu'!$C$15:$C$29,'Başvuru Formu'!$C$15:$C$29<>""))),ROWS($A$3:A13)),"") | B13: =IF(A13="","",IF(COUNTIF('Başvuru Formu'!$C$15:$C$29,A13)<>COUNTIFS('Başvuru Formu'!$C$15:$C$29,A13,'Başvuru Formu'!$P$15:$P$29,">0"),"",SUMIF('Başvuru Formu'!$C$15:$C$29,A13,'Başvuru Formu'!$P$15:$P$29))) | C13: =IF(OR(A13="",B13=""),"",SUMIFS('Başvuru Formu'!$P$15:$P$29,'Başvuru Formu'!$C$15:$C$29,A13,'Başvuru Formu'!$O$15:$O$29,">=4",'Başvuru Formu'!$O$15:$O$29,"<=6")) | D13: =IF(OR(A13="",B13="",B13=0),"",C13/B13) | E13: =IF(OR(A13="",B13="",$B$19="",$B$19=0),"",B13/$B$19) | F13: =IF(A13="","",SUMIF('Başvuru Formu'!$C$15:$C$29,A13,'Başvuru Formu'!$K$15:$K$29))
A14: =IFERROR(INDEX(_xlfn._xlws.SORT(_xlfn.UNIQUE(_xlfn._xlws.FILTER('Başvuru Formu'!$C$15:$C$29,'Başvuru Formu'!$C$15:$C$29<>""))),ROWS($A$3:A14)),"") | B14: =IF(A14="","",IF(COUNTIF('Başvuru Formu'!$C$15:$C$29,A14)<>COUNTIFS('Başvuru Formu'!$C$15:$C$29,A14,'Başvuru Formu'!$P$15:$P$29,">0"),"",SUMIF('Başvuru Formu'!$C$15:$C$29,A14,'Başvuru Formu'!$P$15:$P$29))) | C14: =IF(OR(A14="",B14=""),"",SUMIFS('Başvuru Formu'!$P$15:$P$29,'Başvuru Formu'!$C$15:$C$29,A14,'Başvuru Formu'!$O$15:$O$29,">=4",'Başvuru Formu'!$O$15:$O$29,"<=6")) | D14: =IF(OR(A14="",B14="",B14=0),"",C14/B14) | E14: =IF(OR(A14="",B14="",$B$19="",$B$19=0),"",B14/$B$19) | F14: =IF(A14="","",SUMIF('Başvuru Formu'!$C$15:$C$29,A14,'Başvuru Formu'!$K$15:$K$29))
A15: =IFERROR(INDEX(_xlfn._xlws.SORT(_xlfn.UNIQUE(_xlfn._xlws.FILTER('Başvuru Formu'!$C$15:$C$29,'Başvuru Formu'!$C$15:$C$29<>""))),ROWS($A$3:A15)),"") | B15: =IF(A15="","",IF(COUNTIF('Başvuru Formu'!$C$15:$C$29,A15)<>COUNTIFS('Başvuru Formu'!$C$15:$C$29,A15,'Başvuru Formu'!$P$15:$P$29,">0"),"",SUMIF('Başvuru Formu'!$C$15:$C$29,A15,'Başvuru Formu'!$P$15:$P$29))) | C15: =IF(OR(A15="",B15=""),"",SUMIFS('Başvuru Formu'!$P$15:$P$29,'Başvuru Formu'!$C$15:$C$29,A15,'Başvuru Formu'!$O$15:$O$29,">=4",'Başvuru Formu'!$O$15:$O$29,"<=6")) | D15: =IF(OR(A15="",B15="",B15=0),"",C15/B15) | E15: =IF(OR(A15="",B15="",$B$19="",$B$19=0),"",B15/$B$19) | F15: =IF(A15="","",SUMIF('Başvuru Formu'!$C$15:$C$29,A15,'Başvuru Formu'!$K$15:$K$29))
... A18: =IFERROR(INDEX(_xlfn._xlws.SORT(_xlfn.UNIQUE(_xlfn._xlws.FILTER('Başvuru Formu'!$C$15:$C$29,'Başvuru Formu'!$C$15:$C$29<>""))),ROWS($A$3:A18)),"") | B18: =IF(A18="","",IF(COUNTIF('Başvuru Formu'!$C$15:$C$29,A18)<>COUNTIFS('Başvuru Formu'!$C$15:$C$29,A18,'Başvuru Formu'!$P$15:$P$29,">0"),"",SUMIF('Başvuru Formu'!$C$15:$C$29,A18,'Başvuru Formu'!$P$15:$P$29))) | C18: =IF(OR(A18="",B18=""),"",SUMIFS('Başvuru Formu'!$P$15:$P$29,'Başvuru Formu'!$C$15:$C$29,A18,'Başvuru Formu'!$O$15:$O$29,">=4",'Başvuru Formu'!$O$15:$O$29,"<=6")) | D18: =IF(OR(A18="",B18="",B18=0),"",C18/B18) | E18: =IF(OR(A18="",B18="",$B$19="",$B$19=0),"",B18/$B$19) | F18: =IF(A18="","",SUMIF('Başvuru Formu'!$C$15:$C$29,A18,'Başvuru Formu'!$K$15:$K$29))
A19: GENEL TOPLAM | B19: =SUM(B3:B18) -> 168000000 | C19: =SUM(C3:C18) -> 70800000 | D19: =IF(OR(B19="",B19=0),"",C19/B19) -> 0.42142857 | E19: =IF(B19=0,"",SUM(E3:E18)) -> 1 | F19: =SUM(F3:F18) -> 100

Sheet Doldurma Rehberi
A1: TEDARİKÇİ ENTEGRASYONU FORMU — KISA DOLDURMA REHBERİ | J1: Anahtar (İl|İlçe) | K1: İl | L1: İlçe | M1: Kademe | N1: Kademe Açıklaması | P1: Kaynak
A2: Rehber, yalnızca formun doğru ve tutarlı doldurulması için gerekli temel hususları içerir. Nihai puan ve uygunluk Kurum tarafından doğrulanır. | J2: Adana|Aladağ | K2: Adana | L2: Aladağ | M2: 5 | N2: 5. Kademe | P2: SEGE_2022_Il_Ilce_Kademe.xlsx
J3: Adana|Ceyhan | K3: Adana | L3: Ceyhan | M3: 3 | N3: 3. Kademe
A4: 1. FORMDA NE YAZILACAK? | J4: Adana|Çukurova | K4: Adana | L4: Çukurova | M4: 2 | N4: 2. Kademe | P4: Kullanım
A5: Bölüm | B5: Yazılacak Bilgi | C5: Dikkat Edilecek Nokta | D5: Önerilen Dayanak | E5: POM ile Bağlantı | F5: Örnek | G5: Zorunlu | H5: Kontrol | J5: Adana|Feke | K5: Adana | L5: Feke | M5: 6 | N5: 6. Kademe | P5: Bu teknik alan, Başvuru Formundaki il + ilçe eşleşmesi ve otomatik puanlama için kullanılır.
A6: Başvuru bilgileri | B6: Başvuru sahibi, proje, tesis yeri ve uygun yatırım maliyeti | C6: Yatırım maliyeti USD olarak yazılmalıdır. | D6: Başvuru formu / bütçe | E6: 100.000 USD başına gösterge hesabı | F6: 500.000 USD | G6: Evet | H6: Tutar ve yer tutarlı mı? | J6: Adana|İmamoğlu | K6: Adana | L6: İmamoğlu | M6: 4 | N6: 4. Kademe
A7: Ürün ve hammadde | B7: Üretilecek ürün ile bu ürün için alınacak ana hammadde/girdi | C7: Yalnızca ana ve miktar bakımından önemli girdileri yazınız. | D7: Üretim planı / kapasite | E7: Tedarik yapısının gerçekçiliği | F7: Salça – domates | G7: Evet | H7: Ürün–girdi ilişkisi makul mü? | J7: Adana|Karaisalı | K7: Adana | L7: Karaisalı | M7: 5 | N7: 5. Kademe
A8: Tedarik İli / İlçesi | B8: Hammaddenin tedarik edileceği il ve ilçe birlikte yazılır. | C8: SEGE eşleştirmesi aynı ilçe adlarının farklı illerde bulunabilmesi nedeniyle İl + İlçe birleşik anahtarıyla yapılır. | D8: Tedarik kaydı / niyet belgesi | E8: SEGE 4–6 kaynak kullanımı | F8: Balıkesir / Manyas | G8: Evet | H8: İl ve ilçe SEGE listesiyle eşleşiyor mu? | J8: Adana|Karataş | K8: Adana | L8: Karataş | M8: 5 | N8: 5. Kademe
A9: Hedef Tedarik Miktarı / Birim Fiyatı / Değeri | B9: Her tarımsal ürün için hedef yıllık miktar ve hedef birim fiyat yazılır. Hedef yıllık tedarik değeri otomatik hesaplanır. | C9: Hedef miktarı ve hedef birim fiyatı boş bırakmayınız. Farklı ölçü birimleri nedeniyle SEGE payı miktardan değil değerden hesaplanır. | D9: Fatura / fiyat teklifi / sözleşme / üretim planı | E9: Tüm tarımsal ürünlerin SEGE 4–6 tedarik değeri payı | F9: 12.400.000 TL toplam; 8.600.000 TL SEGE 4–6 | G9: Evet | H9: Miktar, birim fiyat ve otomatik hesaplanan değer tutarlı mı? | J9: Adana|Kozan | K9: Adana | L9: Kozan | M9: 3 | N9: 3. Kademe
A10: Kayıtlı çiftçi | B10: Mevcut ve eklenecek kayıtlı çiftçi sayısı | C10: Aynı çiftçiyi birden fazla satırda saymayınız. | D10: ÇKS/kayıt belgesi, sözleşme veya niyet | E10: Ek çiftçi / 100.000 USD | F10: 40 mevcut + 12 yeni | G10: Evet | H10: Çiftçiler tekil ve kayıtlı mı? | J10: Adana|Pozantı | K10: Adana | L10: Pozantı | M10: 4 | N10: 4. Kademe
A11: Tedarik şekli ve belge | B11: Doğrudan, kooperatif, sözleşme vb. yöntem ile belge referansı | C11: Belge adı veya dosya numarası yeterlidir; kişisel veri yazmayınız. | D11: Sözleşme / protokol / niyet | E11: Planın doğrulanabilirliği | F11: TD-01 Niyet Protokolü | G11: Evet | H11: Belge planı destekliyor mu? | J11: Adana|Saimbeyli | K11: Adana | L11: Saimbeyli | M11: 6 | N11: 6. Kademe
A12: Kısa açıklama | B12: Yeni tedarikçilerin bulunması, doğrulanması ve tedarik başlangıcı | C12: En fazla 5 cümle yazınız. | D12: Uygulama takvimi | E12: Entegrasyon planının gerçekçiliği | F12: Kooperatif listesi doğrulanacak... | G12: Evet | H12: Sorumlu ve zamanlama belli mi? | J12: Adana|Sarıçam | K12: Adana | L12: Sarıçam | M12: 2 | N12: 2. Kademe
J13: Adana|Seyhan | K13: Adana | L13: Seyhan | M13: 1 | N13: 1. Kademe
A14: 2. POM’DAN ALINAN TEMEL EŞİKLER | J14: Adana|Tufanbeyli | K14: Adana | L14: Tufanbeyli | M14: 5 | N14: 5. Kademe
A15: Gösterge | B15: Asgari Eşik | C15: Sıralamada Kullanım | D15: Başvuru Sahibinin Girişi | E15: Otomatik Sonuç | F15: Kurum Kontrolü | G15: Not | H15: Kaynak | J15: Adana|Yumurtalık | K15: Adana | L15: Yumurtalık | M15: 4 | N15: 4. Kademe
A16: Ek kayıtlı çiftçi | B16: ≥ 2 / 100.000 USD | C16: Ek çiftçi sayısı arttıkça ilgili puan bandı yükselir. | D16: Tablodaki eklenecek çiftçi sayısı | E16: Yeni çiftçi / 100.000 USD | F16: Kayıt ve tekillik | G16: Asgari katkı durumunda yalnızca ek kayıtlı çiftçi eşiği otomatik dikkate alınır. | H16: POM – Supply chain integration | J16: Adana|Yüreğir | K16: Adana | L16: Yüreğir | M16: 2 | N16: 2. Kademe
A17: Tedarik Yeri – SEGE 4–6 | B17: C bölümündeki tüm tarımsal ürünlerin toplam hedef miktarı içinde SEGE 4–6 ilçelerinin payı. | C17: Sıralama: %0=0; >%0–%20=1; >%20–%50=4; >%50–%100=7,5 puan. | D17: C Bölümündeki tüm tarımsal ürünlerin il, ilçe ve hedef miktarları | E17: SEGE kademesi, SEGE 4–6 payı ve tedarik puanı | F17: İl + ilçe eşleşmesi ve pozitif hedef miktar kontrol edilir. | G17: Hedef miktar eksik veya il/ilçe eşleşmemişse puan hesaplanmaz. | H17: Kaynak: POM coğrafi hedefleme ölçütü ve SEGE 2022 ilçe kademeleri. | J17: Adıyaman|Besni | K17: Adıyaman | L17: Besni | M17: 4 | N17: 4. Kademe
J18: Adıyaman|Çelikhan | K18: Adıyaman | L18: Çelikhan | M18: 5 | N18: 5. Kademe
J19: Adıyaman|Gerger | K19: Adıyaman | L19: Gerger | M19: 6 | N19: 6. Kademe
A20: 3. KISA KONTROL LİSTESİ | J20: Adıyaman|Gölbaşı | K20: Adıyaman | L20: Gölbaşı | M20: 3 | N20: 3. Kademe
A21: ☐ C Bölümüne alınan tüm tarımsal ürünler yazıldı. ☐ Her satırda pozitif hedef miktar girildi. ☐ Tüm il ve ilçeler SEGE listesiyle eşleşti. ☐ SEGE 4–6 payı ve tedarik puanı oluştu. | J21: Adıyaman|Kahta | K21: Adıyaman | L21: Kahta | M21: 5 | N21: 5. Kademe
J22: Adıyaman|Merkez | K22: Adıyaman | L22: Merkez | M22: 2 | N22: 2. Kademe
J23: Adıyaman|Samsat | K23: Adıyaman | L23: Samsat | M23: 6 | N23: 6. Kademe
J24: Adıyaman|Sincik | K24: Adıyaman | L24: Sincik | M24: 6 | N24: 6. Kademe
J25: Adıyaman|Tut | K25: Adıyaman | L25: Tut | M25: 6 | N25: 6. Kademe
J26: Afyonkarahisar|Başmakçı | K26: Afyonkarahisar | L26: Başmakçı | M26: 4 | N26: 4. Kademe
J27: Afyonkarahisar|Bayat | K27: Afyonkarahisar | L27: Bayat | M27: 5 | N27: 5. Kademe
J28: Afyonkarahisar|Bolvadin | K28: Afyonkarahisar | L28: Bolvadin | M28: 3 | N28: 3. Kademe
J29: Afyonkarahisar|Çay | K29: Afyonkarahisar | L29: Çay | M29: 4 | N29: 4. Kademe
J30: Afyonkarahisar|Çobanlar | K30: Afyonkarahisar | L30: Çobanlar | M30: 5 | N30: 5. Kademe
J31: Afyonkarahisar|Dazkırı | K31: Afyonkarahisar | L31: Dazkırı | M31: 3 | N31: 3. Kademe
J32: Afyonkarahisar|Dinar | K32: Afyonkarahisar | L32: Dinar | M32: 3 | N32: 3. Kademe
J33: Afyonkarahisar|Emirdağ | K33: Afyonkarahisar | L33: Emirdağ | M33: 4 | N33: 4. Kademe
... J974: Zonguldak|Merkez | K974: Zonguldak | L974: Merkez | M974: 2 | N974: 2. Kademe

Sheet Puanlama - Alt 1
A1: TEDARİKÇİ ENTEGRASYONU PUANLAMA ÖZETİ — 1.2 SEGE + 2.1 ÇİFTÇİ ENTEGRASYONU
A2: Alt kriter | B2: Eşik / gösterge | C2: Formdaki değer | D2: Puan | E2: Azami puan | F2: Kaynak
A3: 1.2 SEGE 4–6 ilçelerinden tedarik | B3: %1–20 = 1; %21–50 = 4; %51–100 = 7,5 | C3: ='Başvuru Formu'!L9 -> 0.42142857 | D3: ='Başvuru Formu'!O9 -> 4 | E3: 7.5 | F3: Başvuru Formu L9/O9
A4: 2.1 İlave kayıtlı çiftçi / birincil üretici entegrasyonu | B4: 90.000 Avro RFF başına <2=0; 2–<4=4; 4–<6=8; ≥6=12,5 | C4: ='Başvuru Formu'!F9 -> 2.98125 | D4: ='Başvuru Formu'!H9 -> 4 | E4: 12.5 | F4: Başvuru Formu F9/H9
A5: Tedarik puanı toplamı | B5: 1.2 + 2.1 | D5: =D3+D4 -> 8 | E5: =E3+E4 -> 20 | F5: Başvuru Formu L10
A6: 2.2 Tedarik miktarı artışına dayalı ilave çiftçi eşdeğeri | B6: Bu revizyonda dikkate alınmaz | C6: ='Başvuru Formu'!F10 -> 0 | D6: =0 -> 0 | E6: 0 | F6: Bilgi amaçlı
A7: Not | B7: Alternatif 1 tablosundaki 1.2 SEGE tedarik puanı ve 2.1 ilave kayıtlı çiftçi puanı toplanır; 2.2 tedarik miktarı artışı puanı toplam dışında bırakılır.
