Workbook
Name Antalya: #REF!
Name Bingöl: #REF!
Name Bitlis: #REF!
Name Gaziantep: #REF!
Name İzmir: #REF!
Name Kayseri: #REF!
Name Kırıkkale: #REF!
Name Muğla: #REF!
Name Osmaniye: #REF!

Sheet GB
A1: TKDK | D1: PROGRAM GELİŞTİRME VE YÖNETİM KOORDİNATÖRLÜĞÜ/YERİNDE KONTROL BİRİMİ | T1: DB VERSİYON 1.0.00 | Y1: Antalya, Bingöl, Bitlis, Gaziantep, İzmir, Kayseri, Muğla, Kırıkkale ve Osmaniye illeri için öncellikle İl-İlçe seçimi yapınız
A2: 1201/ | N2: =E5 | Z2: İl Seçimi
A3: YERİNDE KONTROLLER İÇİN KONTROL LİSTESİ | Z3: İlçe Seçimi
A4: İl Kodu | E4: Değer Zinciri | K4: Alt Değer Zinciri | O4: Seri No | S4: Ay/Yıl
A6: TKDK …………………… İL KOORDİNATÖRLÜĞÜ SÖZLEŞME ÖNCESİ YERİNDE KONTROL
A7: BÖLÜM I: GENEL BÖLÜM
A8: Değer Zinciri Kodu :
A9: Alt Değer Zinciri Kodu :
A10: Yatırımın Adı
A11: Başvuru Sahibi | H11: Şirket | K11: Adı
K12: Vergi Kimlik No
H13: Yetkili Kişinin | K13: Adı Soyadı
K14: TC Kimlik No
A15: Başvuru Sahibinin İletişim Adresi
A16: Yatırımın Uygulama Adresi
A17: Başvuru Sahibinin Telefon Numarası
A18: Yerinde Kontrol Sırasında Hazır Bulunan Kişilerin Adı Soyadı | P18: Telefon Numaraları
A19: Yerinde Kontrolün Tarihi | H19: Başlangıç: …/.../… Bitiş: …/.../…
A20: Yerinde Kontrol Uzmanı (1) | H20: Başvuru Sahibi | Q20: Yerinde Kontrol Uzmanı (2)

Sheet 1
A1: TKDK | D1: PROGRAM GELİŞTİRME VE YÖNETİM KOORDİNATÖRLÜĞÜ/YERİNDE KONTROL BİRİMİ | S1: DB VERSİYON 1.0.00
A2: …../…..
A3: YERİNDE KONTROLLER İÇİN KONTROL LİSTESİ
A4: İl Kodu | D4: Tedbir – Sektör | H4: Alt Sektör | M4: Seri No | R4: Ay/Yıl
A5: =[1]GB!A5 | D5: =[1]GB!E5 | M5: =[1]GB!K5
A6: BÖLÜM II: ÇALIŞMA DOKÜMANI VE KONTROL LİSTESİ
A7: SORU 1
A8: *Yatırım adresi adres sisteminde kayıtlıysa, GPS koordinatları kullanılarak doğrulanmasına gerek yoktur ** Adres sayısına göre çoğaltılır.
A9: Tablo 1. Başvuru formunda belirtilen yatırımın uygulama adresi ile yatırımın gerçekleştirileceği adres aynı mı? | R9: Evet | T9: Hayır
A11: Adresteki Değer Zinciri Aşaması: Üretim İşleme/İleri İşleme Depolama ve Soğuk Zincir Lojistik, Pazarlama ve Diğer | M11: ITRF | O11: ED50 | Q11: Kullanılan Dilim Orta Meridyen:
A12: Yatırımın Uygulama Adresi:
A13: GPS Koordinatları | G13: Y (m) | J13: X (m) | M13: Ölçülen GPS Koordinatları (Bu kısım yerinde kontrol sırasında doldurulur)
A14: En Düşük Değerler | M14: Y (m) | Q14: X (m)
A16: En Yüksek Değerler
A18: NOTLAR: (Yerinde yapılan denetimin adresi, yatırımın gerçekleştirildiği adresle farklıysa, gözlemlenen adresi yazınız)

Sheet 1.1
A1: TKDK | B1: PROGRAM GELİŞTİRME VE YÖNETİM KOORDİNATÖRLÜĞÜ/YERİNDE KONTROL BİRİMİ | X1: DB VERSİYON 1.0.00
A2: …../…..
A3: YERİNDE KONTROLLER İÇİN KONTROL LİSTESİ
A4: İl Kodu | B4: Tedbir/ Sektör | C4: Alt Sektör | E4: Seri Numarası | R4: Ay/ Yıl
A5: =[1]GB!A5 | C5: =[1]GB!E5 | E5: =[1]GB!O5 | R5: =[1]GB!S5
A6: RİSKLİ MEVCUT VARLIKLARIN/TEKNİK PROJEDEKİ VARLIKLARIN DOĞRULANMASI
A7: 2. Başvuru sahibinin riskli mevcut varlıklarının/ teknik proje ile ilgili varlıklarının doğrulanması
A8: Table 2.1
A9: Mevcut Durum* (1) | B9: Kullanım Amacı* (2) | C9: Uygun Harcamalar**(3) | D9: UHL alt-kodu ve Açıklaması**(4) | E9: Uzunluk(m) | I9: Genişlik(m) | M9: Alan(m2) | U9: Yerinde Kontrol Ek Bulguları | Y9: Fotoğraf No
A10: Yapının Adı | C10: Yapının Adı | E10: Yerinde Kontrol Bulgusu | I10: Yerinde Kontrol Bulgusu | M10: Beyan** | Q10: Yerinde Kontrol Bulgusu
A17: YORUMLAR:

Sheet 1.2
A1: TKDK | B1: PROGRAM GELİŞTİRME VE YÖNETİM KOORDİNATÖRLÜĞÜ/YERİNDE KONTROL BİRİMİ
A2: …../…..
A3: YERİNDE KONTROLLER İÇİN KONTROL LİSTESİ
A4: İl Kodu | D4: Tedbir/ Sektör | G4: Alt Sektör | S4: Seri Numarası
A5: =[1]GB!A5 | D5: =[1]GB!E5 | G5: =[1]GB!O5
A6: RİSKLİ MEVCUT VARLIKLARIN/TEKNİK PROJEDEKİ VARLIKLARIN DOĞRULANMASI
A7: Table 2.2
A8: Mevcut Durum (1) | B8: Riskli Mevcut Varlık (P) | C8: Projede Kullanılması Planlanıyor (P) | D8: Uygun Yatırımlar*(2) (Bu kısım sadece mevcut varklı riskli olarak belirlendiğinde doldurulacaktır) | G8: Miktar | M8: Marka/Model | S8: Seri Numarası | Y8: Kullanım Amacı (İşlevi) | AE8: Teknik Özellikler | AK8: Fotoğraf No
A9: Mevcut Varlıklar | D9: Makine ve Ekipmanın Adı | E9: UHL alt-kodu ve Açıklaması | F9: Teknik Özellikler | G9: Beyan** | J9: Yerinde Kontrol Bulgusu | M9: Beyan* | P9: Yerinde Kontrol Bulgusu | S9: Beyan** | V9: Yerinde Kontrol Bulgusu | Y9: Beyan** | AB9: Yerinde Kontrol Bulgusu | AE9: Beyan** | AH9: Yerinde Kontrol Bulgusu
A15: YORUMLAR:

Sheet 2
A1: TKDK | F1: PROGRAM GELİŞTİRME VE YÖNETİM KOORDİNATÖRLÜĞÜ/YERİNDE KONTROL BİRİMİ | AD1: DB VERSİYON 1.0.00
A2: 1201/ | S2: =GB!N2
A3: YERİNDE KONTROLLER İÇİN KONTROL LİSTESİ
A4: İl Kodu | G4: Tedbir – Sektör | P4: Alt Sektör | W4: Seri No | AC4: Ay/Yıl
A5: =GB!A5 | G5: =GB!E5 | P5: =GB!K5 | W5: =GB!O5 | AC5: =GB!S5
A6: KISIM 2: YATIRIMIN GERÇEKLEŞTİRİLMESİ
A7: SORU 1
A8: 3.1 Yapım/genişletme/modernizasyon henüz başlamamıştır. (Başvuru paketinde belirtilen uygun olmayan harcamalar hariç) | AE8: Evet | AH8: Hayır
A10: Tablo 3.1
A11: Kontrol Metodolojisi | F11: Açıklamalar | Q11: Yerinde Kontrol Bulguları (Bu kısım yerinde kontrol sırasında doldurulur) | X11: Fotoğraf No | AA11: Doğru | AD11: Yanlış | AG11: Referans
A14: Görsel Kontrol – Fotoğraf Çekimi | F14: 1. Yapım/genişletme/modernizasyon işlerinin başlamadığını doğrulamak için (vaziyet planı ve mimari proje ile bulgular karşılaştırılır) yatırım sahası görsel olarak kontrol edilir ve bulguları desteklemek için fotoğraf çekilir. 2. Yapım/genişletme/modernizasyondan sonra değişecek olan bina/sahanın her bölümünün fotoğrafı yapım/genişletme/modernizasyon öncesinde mevcut durumun belirlenmesi için çekilir ve daha sonraki muhtemel karşılaştırmalarda kullanılır. Yatırım alanında bina veya yapı olmadığı durumlarda, fotoğraf çekilen noktanın GPS koordinatları ölçülür ve Fotoğrafa/Kayda Ait Tanıtıcı İlave Bilgi ve Notlar bölümüne Y ve X değerleri yazılır. 3. YK Bulguları sütununda sahanın mevcut durumu tanımlanır. | AG14: Başvuru Formu Ek A9
A25: YORUMLAR:
A27: 3.2. Ekipman alımı ve montajı henüz başlamamıştır. (Başvuru paketinde belirtilen uygun olmayan harcamalar hariç) | AE27: Evet | AH27: Hayır
A29: Tablo 3.2
A30: Kontrol Metodolojisi | F30: Açıklamalar | Q30: YK Bulguları ve Muhasebe Kayıtları (Bu kısım yerinde kontrol sırasında doldurulur) | X30: Fotoğraf No | AA30: Doğru | AD30: Yanlış | AG30: Referans
A33: Görsel Kontrol –Muhasebe Kayıtları– Fotoğraf Çekimi | F33: 1.Bu tür ekipmanların varlığını tespit etmek için görsel kontrol yapılır ve aynı zamanda fotoğraf çekilir, eğer mümkünse makine yerleşim planına göre yatırım alanı kontrol edilir. Böylece ekipman alımının başlangıcından önce sahanın mevcut durumu kayıt altına alınır ve bunlar daha sonraki muhtemel karşılaştırmalarda kullanılır. 2. YK Bulguları ve Muhasebe Kayıtları sütununda sahanın mevcut durumu tanımlanır. | AG33: Başvuru Formu Ek A10
A39: YORUMLAR:

Sheet 3
A1: TKDK | D1: PROGRAM GELİŞTİRME VE YÖNETİM KOORDİNATÖRLÜĞÜ/YERİNDE KONTROL BİRİMİ | T1: DB VERSİYON 1.0.00
A2: 1201/ | M2: =GB!N2
A3: YERİNDE KONTROLLER İÇİN KONTROL LİSTESİ
A4: İl Kodu | E4: Tedbir – Sektör | K4: Alt Sektör | O4: Seri No | S4: Ay/Yıl
A5: =GB!A5 | E5: =GB!E5 | K5: =GB!K5 | O5: =GB!O5 | S5: =GB!S5
A6: KISIM 3: DİĞER BULGULAR (Eğer var ise)
I23: Adı-Soyadı | P23: İmza | T23: Tarih
A24: Yerinde Kontrol Uzmanı (1) | T24: .../…/….
A25: Yerinde Kontrol Uzmanı (2) | T25: .../…/….
P26: İmza
P27: Birim Amiri

Sheet 4
A1: TKDK | D1: PROGRAM GELİŞTİRME VE YÖNETİM KOORDİNATÖRLÜĞÜ/YERİNDE KONTROL BİRİMİ | T1: DB VERSİYON 1.0.00
A2: 1201/ | M2: =GB!N2
A3: YERİNDE KONTROLLER İÇİN KONTROL LİSTESİ
A4: İl Kodu | E4: Tedbir – Sektör | K4: Alt Sektör | O4: Seri No | S4: Ay/Yıl
A5: =GB!A5 | E5: =GB!E5 | K5: =GB!K5 | O5: =GB!O5 | S5: =GB!S5
A6: KISIM 5: EK DOKÜMANLAR4
A7: No | C7: Veriliş Tarihi | F7: Geçerlilik Tarihi | K7: Belge Numarası | Q7: Belgenin Konusu

Sheet 5
A1: TKDK | D1: PROGRAM GELİŞTİRME VE YÖNETİM KOORDİNATÖRLÜĞÜ/YERİNDE KONTROL BİRİMİ | T1: DB VERSİYON 1.0.00
A2: 1201/ | M2: =GB!N2
A3: YERİNDE KONTROLLER İÇİN KONTROL LİSTESİ
A4: İl Kodu | E4: Tedbir – Sektör | K4: Alt Sektör | O4: Seri No | S4: Ay/Yıl
A5: =GB!A5 | E5: =GB!E5 | K5: =GB!K5 | O5: =GB!O5 | S5: =GB!S5
A6: KISIM 5: VİDEO KAYITLARI VE FOTOĞRAFLAR
A7: Fotoğraf/Video Kayıt No | E7: Fotoğrafın/Video Kaydının Neye Ait Olduğu | K7: Varsa, Fotoğrafa/Video Kaydının Ait Tanıtıcı İlave Bilgi ve Notlar*
A22: * Yatırım alanlarının (arsa, arazi) fotoğraf çekimlerinde; hiç bina veya yapının olmadığı durumlarda, sonraki yerinde kontrollerde karşılaştırma yapabilmek için, çekim yapılan yerin GPS koordinatları ölçülerek Y ve X değerleri yazılmalıdır.

Sheet 6
A1: TKDK | D1: PROGRAM GELİŞTİRME VE YÖNETİM KOORDİNATÖRLÜĞÜ/YERİNDE KONTROL BİRİMİ | T1: DB VERSİYON 1.0.00
A2: 1201/ | M2: =GB!N2
A3: YERİNDE KONTROLLER İÇİN KONTROL LİSTESİ
A4: İl Kodu | E4: Tedbir – Sektör | K4: Alt Sektör | O4: Seri No | S4: Ay/Yıl
A5: =GB!A5 | E5: =GB!E5 | K5: =GB!K5 | O5: =GB!O5 | S5: =GB!S5
A6: KISIM 6: ÇALIŞMA DOKÜMANI
A7: Çalışma Kağıdı Sayısı: *Gerekli olması halinde sayfa çoğaltılabilir.

Sheet 7
A1: TKDK | D1: PROGRAM GELİŞTİRME VE YÖNETİM KOORDİNATÖRLÜĞÜ/YERİNDE KONTROL BİRİMİ | T1: DB VERSİYON 1.0.00
A2: 1201/ | M2: =GB!N2
A3: YERİNDE KONTROLLER İÇİN KONTROL LİSTESİ
A4: İl Kodu | E4: Tedbir – Sektör | K4: Alt Sektör | O4: Seri No | S4: Ay/Yıl
A5: =GB!A5 | E5: =GB!E5 | K5: =GB!K5 | O5: =GB!O5 | S5: =GB!S5
A6: KISIM 7: YERİNDE KONTROL ÖZETİ TKDK …………………… İL KOORDİNATÖRLÜĞÜ
A8: Bu bulgular yerinde kontrol esnasında yapılan ölçümler ve gözlemlere dayanmaktadır, nihai sonuç/karar hükmü değildir.
A10: Yatırımın Uygulama Adresi
A15: Başvuru Sahibi | G15: Şirket: | K15: Adı
K16: Vergi Kimlik No
K17: Telefon Numarası:
G18: Yetkili Kişi | K18: Adı Soyadı
K19: TC Kimlik No
A20: Yerinde Kontrol Tarihi | K20: …./…./20… , …./…./20….
A21: Yerinde Kontrol Bildirimi
A22: Yerinde kontrolün tarihi, yerinde kontrol sırasında yatırım adresinde hazır bulunulması gerektiği, gerektiğinde muhasebe kayıtlarımın bulunduğu muhasebe bürosuna gidilebileceği ve yerinde kontrol sırasında başvuru sahibi tarafından bulundurulması gerekenler (hizmet araçları, makineler, muhasebe kayıtları vs.) yukarıda belirtilen telefon görüşmesi sırasında bildirim amaçlı başvuru sahibine iletilmiştir.
A23: Yerinde Kontrol Bulguları
A24: 1
A25: 2
A26: 3
A27: 4
A28: 5
A29: 6
A30: 7
A31: Başvuru Sahibinin Yerinde Kontrol Bulguları Hakkındaki Yorumları
A32: Katılıyorum | G32: Yorumlar:
A37: Katılmıyorum
A42: * İtiraz için başvuru TKDK Merkez'e, yerinde kontrol ziyaretinden itibaren 10 gün içinde yapılmalıdır.
A45: Yerinde Kontrol Uzmanı (1) | J45: Başvuru Sahibi | P45: Yerinde Kontrol Uzmanı (2)
